avg_val_loss,epoch,step,loss
4.134296894073486,0,36,
,1,36,6.183880805969238
4.0172576904296875,1,73,
,2,73,4.353521347045898
3.9585680961608887,2,110,
,3,110,4.296814918518066
